worn,km,heat,z,pr
1,"20,000",240,2.72,0.938197
0,"5,000",98,-57.706,0.000000
1,"50,000",140,122.42,1.000000
0,"8,000",260,-45.22,0.000000
1,"23,790",225,17.835,1.000000
1,"24,644",245,21.311,1.000000
1,"29,934",195,42.321,1.000000
0,"14,045",153,-21.361,0.000000
0,"8,000",222,-45.334,0.000000
0,"9,855",149,-38.133,0.000000
1,"24,633",271,21.345,1.000000
1,"20,753",209,5.639,0.996456